{"south": 40.160528, "north": 42.054045, "west": -78.983144, "east": -76.152365}