{"south": 39.463623, "north": 41.219329, "west": -78.892515, "east": -75.645069}