{"south": 40.592766, "north": 43.357539, "west": -78.240203, "east": -74.458583}