{"south": 37.960268, "north": 40.047283, "west": -77.490358, "east": -75.363467}