{"south": 37.471392, "north": 40.469016, "west": -79.808575, "east": -75.629915}