{"south": 36.594621, "north": 38.608087, "west": -80.56289, "east": -75.825899}