{"south": 36.712618, "north": 39.401774, "west": -78.803221, "east": -75.056125}